{"schemaVersion":"1.0","appDefinitionTemplate":{"id":"/providers/Microsoft.PowerApps/apps/","type":"Microsoft.PowerApps/apps","tags":{"primaryDeviceWidth":"1366","primaryDeviceHeight":"768","sienaVersion":"20210827T080229Z-3.21083.28.0","deviceCapabilities":"","supportsPortrait":"true","supportsLandscape":"true","primaryFormFactor":"Tablet","publisherVersion":"3.21083.28","minimumRequiredApiVersion":"2.2.0","hasComponent":"true","hasUnlockedComponent":"true","isUnifiedRootApp":"false"},"properties":{"appVersion":"2021-08-27T08:02:29Z","lifeCycleId":"Published","createdByClientVersion":{"major":3,"minor":21083,"build":28,"revision":0,"majorRevision":0,"minorRevision":0},"minClientVersion":{"major":3,"minor":21083,"build":28,"revision":0,"majorRevision":0,"minorRevision":0},"backgroundColor":"rgba(0, 176, 240, 1)","backgroundImageUri":"/5973687190516419424/Na75d7436-d60c-4f98-b7fb-35f2ccf70ba5-logoSmallFile","displayName":"Email Signature","description":"","commitMessage":"","appUris":{"documentUri":{"value":"/5973687190516419424/N365de16b-d5f0-4584-a610-96f9b51c931b-document.msapp"},"imageUris":[]},"createdTime":"0001-01-01T00:00:00Z","lastModifiedTime":"0001-01-01T00:00:00Z","sharedGroupsCount":0,"sharedUsersCount":0,"icons":{"smallIconUri":"/5973687190516419424/Nd54190cc-96fb-490a-aa82-4f11fbdecc3c-small.png","mediumIconUri":"/5973687190516419424/N30c7998e-0440-4aa9-ac69-05714e77cc5d-medium.png","largeIconUri":"/5973687190516419424/N09fcc9de-be70-48f5-857c-6aaf3c794ed2-large.png","wideIconUri":"/5973687190516419424/N45e0c902-dbbb-4144-8344-39000264f44a-wide.png"},"connectionReferences":{"83567903-0f50-4f1e-85a2-61117d13d6f3":{"id":"491519b3-2770-4bc4-8682-925a1abe23b2","displayName":"Office 365 Outlook","iconUri":"https://connectoricons-prod.azureedge.net/releases/v1.0.1507/1.0.1507.2528/office365/icon.png","dataSources":["Office365Outlook"],"dependencies":[],"dependents":[],"parameterHints":{},"parameterHintsV2":{},"isOnPremiseConnection":false,"bypassConsent":false,"dataSets":{},"apiTier":"Standard","isCustomApiConnection":false,"actions":["SendEmail"]}},"databaseReferences":{},"almMode":"Solution","performanceOptimizationEnabled":true,"canConsumeAppPass":true,"executionRestrictions":{"isTeamsOnly":false,"dataLossPreventionEvaluationResult":{"status":"Compliant","lastEvaluationDate":"2021-08-27T06:09:12.0599218Z","violations":[],"violationsByPolicy":[],"violationErrorMessage":"The app uses the following connectors: ."}}},"appType":"ClassicCanvasApp","appComponents":[]}}