{"schemaVersion":"1.0","appDefinitionTemplate":{"id":"/providers/Microsoft.PowerApps/apps/","type":"Microsoft.PowerApps/apps","tags":{"primaryDeviceWidth":"1366","primaryDeviceHeight":"768","sienaVersion":"20210827T070533Z-3.21083.28.0","deviceCapabilities":"","supportsPortrait":"true","supportsLandscape":"true","primaryFormFactor":"Tablet","publisherVersion":"3.21083.28","minimumRequiredApiVersion":"2.2.0","hasComponent":"true","hasUnlockedComponent":"true","isUnifiedRootApp":"false"},"properties":{"appVersion":"2021-08-27T07:05:33Z","lifeCycleId":"Published","createdByClientVersion":{"major":3,"minor":21083,"build":28,"revision":0,"majorRevision":0,"minorRevision":0},"minClientVersion":{"major":3,"minor":21083,"build":28,"revision":0,"majorRevision":0,"minorRevision":0},"backgroundColor":"rgba(0, 176, 240, 1)","backgroundImageUri":"/5973687190516419424/N39a82f59-f5cf-4940-979f-69d7d338371b-logoSmallFile","displayName":"Email Signature","description":"","commitMessage":"","appUris":{"documentUri":{"value":"/5973687190516419424/N24c153d8-97e2-4563-bf6e-29d78fa45a14-document.msapp"},"imageUris":[]},"createdTime":"0001-01-01T00:00:00Z","lastModifiedTime":"0001-01-01T00:00:00Z","sharedGroupsCount":0,"sharedUsersCount":0,"icons":{"smallIconUri":"/5973687190516419424/Ne8e70558-5cdd-415b-86a9-ea1002aceb16-small.png","mediumIconUri":"/5973687190516419424/N9b1e669f-e769-4818-a157-108a46b18599-medium.png","largeIconUri":"/5973687190516419424/Nb01384eb-0d80-4243-8271-471152e0ba56-large.png","wideIconUri":"/5973687190516419424/N9ea31065-be30-49bc-a6a0-891b99d64c15-wide.png"},"connectionReferences":{"83567903-0f50-4f1e-85a2-61117d13d6f3":{"id":"491519b3-2770-4bc4-8682-925a1abe23b2","displayName":"Office 365 Outlook","iconUri":"https://connectoricons-prod.azureedge.net/releases/v1.0.1507/1.0.1507.2528/office365/icon.png","dataSources":["Office365Outlook"],"dependencies":[],"dependents":[],"parameterHints":{},"parameterHintsV2":{},"isOnPremiseConnection":false,"bypassConsent":false,"dataSets":{},"apiTier":"Standard","isCustomApiConnection":false,"actions":["SendEmail"]}},"databaseReferences":{},"almMode":"Solution","performanceOptimizationEnabled":true,"canConsumeAppPass":true,"executionRestrictions":{"isTeamsOnly":false,"dataLossPreventionEvaluationResult":{"status":"Compliant","lastEvaluationDate":"2021-08-27T06:09:12.0599218Z","violations":[],"violationsByPolicy":[],"violationErrorMessage":"The app uses the following connectors: ."}}},"appType":"ClassicCanvasApp","appComponents":[]}}