{"schemaVersion":"1.0","appDefinitionTemplate":{"id":"/providers/Microsoft.PowerApps/apps/","type":"Microsoft.PowerApps/apps","tags":{"primaryDeviceWidth":"1366","primaryDeviceHeight":"768","sienaVersion":"20210827T101407Z-3.21083.28.0","deviceCapabilities":"","supportsPortrait":"true","supportsLandscape":"true","primaryFormFactor":"Tablet","publisherVersion":"3.21083.28","minimumRequiredApiVersion":"2.2.0","hasComponent":"true","hasUnlockedComponent":"true","isUnifiedRootApp":"false"},"properties":{"appVersion":"2021-08-27T10:14:07Z","lifeCycleId":"Published","createdByClientVersion":{"major":3,"minor":21083,"build":28,"revision":0,"majorRevision":0,"minorRevision":0},"minClientVersion":{"major":3,"minor":21083,"build":28,"revision":0,"majorRevision":0,"minorRevision":0},"backgroundColor":"rgba(0, 176, 240, 1)","backgroundImageUri":"/5973687190516419424/Na988b08d-8371-4121-8da4-5292bb6acfff-logoSmallFile","displayName":"Email Signature","description":"","commitMessage":"","appUris":{"documentUri":{"value":"/5973687190516419424/N2b2fe369-3525-41d7-b8c9-88b34abc1f09-document.msapp"},"imageUris":[]},"createdTime":"0001-01-01T00:00:00Z","lastModifiedTime":"0001-01-01T00:00:00Z","sharedGroupsCount":0,"sharedUsersCount":0,"icons":{"smallIconUri":"/5973687190516419424/Nfa4b7d62-8689-4eea-b8f3-37e4beceafe8-small.png","mediumIconUri":"/5973687190516419424/Nc154aab8-dbb6-46f6-be60-5718f675c30e-medium.png","largeIconUri":"/5973687190516419424/N09425d85-0865-48b4-9eb6-658664492881-large.png","wideIconUri":"/5973687190516419424/N1491381d-a8f6-47da-81d3-475b28a01e3f-wide.png"},"connectionReferences":{"83567903-0f50-4f1e-85a2-61117d13d6f3":{"id":"491519b3-2770-4bc4-8682-925a1abe23b2","displayName":"Office 365 Outlook","iconUri":"https://connectoricons-prod.azureedge.net/releases/v1.0.1507/1.0.1507.2528/office365/icon.png","dataSources":["Office365Outlook"],"dependencies":[],"dependents":[],"parameterHints":{},"parameterHintsV2":{},"isOnPremiseConnection":false,"bypassConsent":false,"dataSets":{},"apiTier":"Standard","isCustomApiConnection":false,"actions":["SendEmail"]}},"databaseReferences":{},"almMode":"Solution","performanceOptimizationEnabled":true,"canConsumeAppPass":true,"executionRestrictions":{"isTeamsOnly":false,"dataLossPreventionEvaluationResult":{"status":"Compliant","lastEvaluationDate":"2021-08-27T06:09:12.0599218Z","violations":[],"violationsByPolicy":[],"violationErrorMessage":"The app uses the following connectors: ."}}},"appType":"ClassicCanvasApp","appComponents":[]}}