{"schemaVersion":"1.0","appDefinitionTemplate":{"id":"/providers/Microsoft.PowerApps/apps/","type":"Microsoft.PowerApps/apps","tags":{"primaryDeviceWidth":"1366","primaryDeviceHeight":"768","sienaVersion":"20210827T102119Z-3.21083.28.0","deviceCapabilities":"","supportsPortrait":"true","supportsLandscape":"true","primaryFormFactor":"Tablet","publisherVersion":"3.21083.28","minimumRequiredApiVersion":"2.2.0","hasComponent":"true","hasUnlockedComponent":"true","isUnifiedRootApp":"false"},"properties":{"appVersion":"2021-08-27T10:21:19Z","lifeCycleId":"Published","createdByClientVersion":{"major":3,"minor":21083,"build":28,"revision":0,"majorRevision":0,"minorRevision":0},"minClientVersion":{"major":3,"minor":21083,"build":28,"revision":0,"majorRevision":0,"minorRevision":0},"backgroundColor":"rgba(0, 176, 240, 1)","backgroundImageUri":"/5973687190516419424/N0107c000-8e84-4eb7-9c59-68ad6b076d9e-logoSmallFile","displayName":"Email Signature","description":"","commitMessage":"","appUris":{"documentUri":{"value":"/5973687190516419424/Nc0dbfeec-b6b4-4398-af32-f2381ccb4f1f-document.msapp"},"imageUris":[]},"createdTime":"0001-01-01T00:00:00Z","lastModifiedTime":"0001-01-01T00:00:00Z","sharedGroupsCount":0,"sharedUsersCount":0,"icons":{"smallIconUri":"/5973687190516419424/N3d03c109-8fa2-4990-8ff2-154dd899b29b-small.png","mediumIconUri":"/5973687190516419424/N5fa26676-1276-484a-9082-34661e516c01-medium.png","largeIconUri":"/5973687190516419424/N6dfc8fd5-a646-472d-ad24-3827938c0f50-large.png","wideIconUri":"/5973687190516419424/N8494f9b5-724b-4125-a507-5e8b390f0886-wide.png"},"connectionReferences":{"83567903-0f50-4f1e-85a2-61117d13d6f3":{"id":"491519b3-2770-4bc4-8682-925a1abe23b2","displayName":"Office 365 Outlook","iconUri":"https://connectoricons-prod.azureedge.net/releases/v1.0.1507/1.0.1507.2528/office365/icon.png","dataSources":["Office365Outlook"],"dependencies":[],"dependents":[],"parameterHints":{},"parameterHintsV2":{},"isOnPremiseConnection":false,"bypassConsent":false,"dataSets":{},"apiTier":"Standard","isCustomApiConnection":false,"actions":["SendEmail"]}},"databaseReferences":{},"almMode":"Solution","performanceOptimizationEnabled":true,"canConsumeAppPass":true,"executionRestrictions":{"isTeamsOnly":false,"dataLossPreventionEvaluationResult":{"status":"Compliant","lastEvaluationDate":"2021-08-27T06:09:12.0599218Z","violations":[],"violationsByPolicy":[],"violationErrorMessage":"The app uses the following connectors: ."}}},"appType":"ClassicCanvasApp","appComponents":[]}}