{"schemaVersion":"1.0","appDefinitionTemplate":{"id":"/providers/Microsoft.PowerApps/apps/","type":"Microsoft.PowerApps/apps","tags":{"primaryDeviceWidth":"1366","primaryDeviceHeight":"768","sienaVersion":"20210827T100915Z-3.21083.28.0","deviceCapabilities":"","supportsPortrait":"true","supportsLandscape":"true","primaryFormFactor":"Tablet","publisherVersion":"3.21083.28","minimumRequiredApiVersion":"2.2.0","hasComponent":"true","hasUnlockedComponent":"true","isUnifiedRootApp":"false"},"properties":{"appVersion":"2021-08-27T10:09:15Z","lifeCycleId":"Published","createdByClientVersion":{"major":3,"minor":21083,"build":28,"revision":0,"majorRevision":0,"minorRevision":0},"minClientVersion":{"major":3,"minor":21083,"build":28,"revision":0,"majorRevision":0,"minorRevision":0},"backgroundColor":"rgba(0, 176, 240, 1)","backgroundImageUri":"/5973687190516419424/N30a55f7c-c4f3-4258-b562-da9ae8255ea4-logoSmallFile","displayName":"Email Signature","description":"","commitMessage":"","appUris":{"documentUri":{"value":"/5973687190516419424/Ncaace3ec-4b4c-4d48-8408-c3b59b3d5805-document.msapp"},"imageUris":[]},"createdTime":"0001-01-01T00:00:00Z","lastModifiedTime":"0001-01-01T00:00:00Z","sharedGroupsCount":0,"sharedUsersCount":0,"icons":{"smallIconUri":"/5973687190516419424/N1252cf0c-1e30-4ebc-be5d-8aa192b67fc1-small.png","mediumIconUri":"/5973687190516419424/Nbd74f9e6-1ae8-4d61-9347-87e6ddcfeb56-medium.png","largeIconUri":"/5973687190516419424/Nceaba8ab-933e-45b6-81c5-5a06d405088c-large.png","wideIconUri":"/5973687190516419424/Nc19aa50f-dce7-4782-8e8e-d214cfcb8171-wide.png"},"connectionReferences":{"83567903-0f50-4f1e-85a2-61117d13d6f3":{"id":"491519b3-2770-4bc4-8682-925a1abe23b2","displayName":"Office 365 Outlook","iconUri":"https://connectoricons-prod.azureedge.net/releases/v1.0.1507/1.0.1507.2528/office365/icon.png","dataSources":["Office365Outlook"],"dependencies":[],"dependents":[],"parameterHints":{},"parameterHintsV2":{},"isOnPremiseConnection":false,"bypassConsent":false,"dataSets":{},"apiTier":"Standard","isCustomApiConnection":false,"actions":["SendEmail"]}},"databaseReferences":{},"almMode":"Solution","performanceOptimizationEnabled":true,"canConsumeAppPass":true,"executionRestrictions":{"isTeamsOnly":false,"dataLossPreventionEvaluationResult":{"status":"Compliant","lastEvaluationDate":"2021-08-27T06:09:12.0599218Z","violations":[],"violationsByPolicy":[],"violationErrorMessage":"The app uses the following connectors: ."}}},"appType":"ClassicCanvasApp","appComponents":[]}}